[
null,
{"id":1,"expanded":true,"name":"Lumen Ward","order":1,"parentId":0,"scrollX":1081.3333333333333,"scrollY":599.3333333333334},
{"id":2,"expanded":true,"name":"Lumen_Ward_Nightmare","order":2,"parentId":1,"scrollX":1292,"scrollY":982,"quick":false},
{"id":3,"expanded":true,"name":"lumen ward morning 1","order":5,"parentId":8,"scrollX":1308,"scrollY":1199.3333333333333,"quick":false},
{"id":4,"expanded":false,"name":"test0","order":7,"parentId":0,"scrollX":1081.3333333333333,"scrollY":599.3333333333334,"quick":false},
{"id":5,"expanded":false,"name":"tavern","order":6,"parentId":3,"scrollX":1081.3333333333333,"scrollY":599.3333333333334,"quick":false},
{"id":6,"expanded":true,"name":"lumen ward to tower","order":8,"parentId":0,"scrollX":1308,"scrollY":610,"quick":false},
{"id":7,"expanded":false,"name":"Poem","order":3,"parentId":0,"scrollX":1081.3333333333333,"scrollY":599.3333333333334,"quick":false},
{"id":8,"expanded":true,"name":"destroy","order":4,"parentId":0,"scrollX":1092,"scrollY":1310,"quick":false},
{"id":9,"expanded":true,"name":"The Tower","order":9,"parentId":0,"scrollX":1318.6666666666667,"scrollY":640.6666666666666,"quick":false},
{"id":10,"expanded":false,"name":"inside tower","order":10,"parentId":9,"scrollX":1081.3333333333333,"scrollY":830,"quick":false},
{"id":11,"expanded":true,"name":"Demon Castle 1F closed","order":11,"parentId":0,"scrollX":1082,"scrollY":1856,"quick":false},
{"id":12,"expanded":false,"name":"Demon Castle 1F open","order":12,"parentId":11,"scrollX":1092,"scrollY":1886,"quick":false},
{"id":13,"expanded":true,"name":"nightmare dungeon","order":13,"parentId":0,"scrollX":848,"scrollY":624,"quick":false},
{"id":14,"expanded":false,"name":"nightmare dungeon open","order":14,"parentId":13,"scrollX":848,"scrollY":640,"quick":false},
{"id":15,"expanded":false,"name":"escape","order":15,"parentId":0,"scrollX":832,"scrollY":624,"quick":false},
{"id":16,"expanded":true,"name":"Stone Cave","order":16,"parentId":0,"scrollX":1081.3333333333333,"scrollY":1052.6666666666667,"quick":false},
{"id":17,"expanded":false,"name":"Stone Cave fire","order":17,"parentId":16,"scrollX":832,"scrollY":984,"quick":false},
{"id":18,"expanded":true,"name":"Normal Town","order":18,"parentId":0,"scrollX":1081.3333333333333,"scrollY":706,"quick":false},
{"id":19,"expanded":false,"name":"Normal Town win","order":19,"parentId":18,"scrollX":1081.3333333333333,"scrollY":1128.6666666666667,"quick":false},
{"id":20,"expanded":true,"name":"Stone Cave morning","order":20,"parentId":0,"scrollX":1081.3333333333333,"scrollY":672.6666666666666,"quick":false},
{"id":21,"expanded":true,"name":"Stone Cave rayan","order":21,"parentId":20,"scrollX":832,"scrollY":716,"quick":false},
{"id":22,"expanded":false,"name":"House 2","order":22,"parentId":0,"scrollX":1081.3333333333333,"scrollY":610,"quick":false},
{"id":23,"expanded":true,"name":"finally","order":23,"parentId":0,"scrollX":1092,"scrollY":992.6666666666666,"quick":false},
{"id":24,"expanded":true,"name":"finally","order":24,"parentId":23,"scrollX":1081.3333333333333,"scrollY":854,"quick":false},
{"id":25,"expanded":false,"name":"MAP025","order":26,"parentId":0,"scrollX":1081.3333333333333,"scrollY":610,"quick":false},
{"id":26,"expanded":false,"name":"House 2","order":25,"parentId":24,"scrollX":1081.3333333333333,"scrollY":610,"quick":false},
{"id":27,"expanded":true,"name":"finally out of the houaw","order":27,"parentId":0,"scrollX":1092,"scrollY":800.6666666666666,"quick":false},
{"id":28,"expanded":false,"name":"new","order":28,"parentId":0,"scrollX":1081.3333333333333,"scrollY":610,"quick":false}
]